sequence,answer_cause,switched
The child started crying because the child hurt their knee. The child hurt their knee because the child started crying.,The child started crying because the child hurt their knee.,False
The child hurt their knee because the child started crying. The child started crying because the child hurt their knee.,The child started crying because the child hurt their knee.,True
I washed the car because my car got dirty. My car got dirty because i washed the car.,I washed the car because my car got dirty.,False
My car got dirty because i washed the car. I washed the car because my car got dirty.,I washed the car because my car got dirty.,True
Someone called 911 because someone fainted. Someone fainted because someone called 911.,Someone called 911 because someone fainted.,False
Someone fainted because someone called 911. Someone called 911 because someone fainted.,Someone called 911 because someone fainted.,True
The vase shattered on the floor because a man accidently pushed the vase off a counter. A man accidently pushed the vase off a counter because the vase shattered on the floor.,The vase shattered on the floor because a man accidently pushed the vase off a counter.,False
A man accidently pushed the vase off a counter because the vase shattered on the floor. The vase shattered on the floor because a man accidently pushed the vase off a counter.,The vase shattered on the floor because a man accidently pushed the vase off a counter.,True
The woman who was walking on the street opened her umbrella because it started raining. It started raining because the woman who was walking on the street opened her umbrella.,The woman who was walking on the street opened her umbrella because it started raining.,False
It started raining because the woman who was walking on the street opened her umbrella. The woman who was walking on the street opened her umbrella because it started raining.,The woman who was walking on the street opened her umbrella because it started raining.,True
The boy lifted his eyes from the book because there was a loud noise. There was a loud noise because the boy lifted his eyes from the book.,The boy lifted his eyes from the book because there was a loud noise.,False
There was a loud noise because the boy lifted his eyes from the book. The boy lifted his eyes from the book because there was a loud noise.,The boy lifted his eyes from the book because there was a loud noise.,True
The girl woke up covered in cold sweat because the girl had a nightmare. The girl had a nightmare because the girl woke up covered in cold sweat.,The girl woke up covered in cold sweat because the girl had a nightmare.,False
The girl had a nightmare because the girl woke up covered in cold sweat. The girl woke up covered in cold sweat because the girl had a nightmare.,The girl woke up covered in cold sweat because the girl had a nightmare.,True
The driver turned the wipers on because it started raining. It started raining because the driver turned the wipers on.,The driver turned the wipers on because it started raining.,False
It started raining because the driver turned the wipers on. The driver turned the wipers on because it started raining.,The driver turned the wipers on because it started raining.,True
A man was covered in sticky red goo because a watermelon exploded. A watermelon exploded because a man was covered in sticky red goo.,A man was covered in sticky red goo because a watermelon exploded.,False
A watermelon exploded because a man was covered in sticky red goo. A man was covered in sticky red goo because a watermelon exploded.,A man was covered in sticky red goo because a watermelon exploded.,True
She went to the store and bought toilet paper because she noticed that she was out of toilet paper. She noticed that she was out of toilet paper because she went to the store and bought toilet paper.,She went to the store and bought toilet paper because she noticed that she was out of toilet paper.,False
She noticed that she was out of toilet paper because she went to the store and bought toilet paper. She went to the store and bought toilet paper because she noticed that she was out of toilet paper.,She went to the store and bought toilet paper because she noticed that she was out of toilet paper.,True
The dinosaurs became extinct because a large object hit the Earth. A large object hit the Earth because the dinosaurs became extinct.,The dinosaurs became extinct because a large object hit the Earth.,False
A large object hit the Earth because the dinosaurs became extinct. The dinosaurs became extinct because a large object hit the Earth.,The dinosaurs became extinct because a large object hit the Earth.,True
The soda went flat because the bottle was left open. The bottle was left open because the soda went flat.,The soda went flat because the bottle was left open.,False
The bottle was left open because the soda went flat. The soda went flat because the bottle was left open.,The soda went flat because the bottle was left open.,True
George plugged the laptop charger in because the laptop ran out of battery. The laptop ran out of battery because George plugged the laptop charger in.,George plugged the laptop charger in because the laptop ran out of battery.,False
The laptop ran out of battery because George plugged the laptop charger in. George plugged the laptop charger in because the laptop ran out of battery.,George plugged the laptop charger in because the laptop ran out of battery.,True
Sunlight filled the room because the curtains were opened. The curtains were opened because sunlight filled the room.,Sunlight filled the room because the curtains were opened.,False
The curtains were opened because sunlight filled the room. Sunlight filled the room because the curtains were opened.,Sunlight filled the room because the curtains were opened.,True
Tomatoes grew on the vine because the insect pollinated the tomato flowers. The insect pollinated the tomato flowers because tomatoes grew on the vine.,Tomatoes grew on the vine because the insect pollinated the tomato flowers.,False
The insect pollinated the tomato flowers because tomatoes grew on the vine. Tomatoes grew on the vine because the insect pollinated the tomato flowers.,Tomatoes grew on the vine because the insect pollinated the tomato flowers.,True
The driver hit the brakes because the girl stepped onto the street. The girl stepped onto the street because the driver hit the brakes.,The driver hit the brakes because the girl stepped onto the street.,False
The girl stepped onto the street because the driver hit the brakes. The driver hit the brakes because the girl stepped onto the street.,The driver hit the brakes because the girl stepped onto the street.,True
The performer ran off the stage because there was a wardrobe malfunction. There was a wardrobe malfunction because the performer ran off the stage.,The performer ran off the stage because there was a wardrobe malfunction.,False
There was a wardrobe malfunction because the performer ran off the stage. The performer ran off the stage because there was a wardrobe malfunction.,The performer ran off the stage because there was a wardrobe malfunction.,True
"The pilot turned on the ""fasten seatbelts"" light because a bird hit the engine. A bird hit the engine because the pilot turned on the ""fasten seatbelts"" light.","The pilot turned on the ""fasten seatbelts"" light because a bird hit the engine.",False
"A bird hit the engine because the pilot turned on the ""fasten seatbelts"" light. The pilot turned on the ""fasten seatbelts"" light because a bird hit the engine.","The pilot turned on the ""fasten seatbelts"" light because a bird hit the engine.",True
The man sipped the milk and spit it out because the milk was left outside the fridge over night. The milk was left outside the fridge over night because the man sipped the milk and spit it out.,The man sipped the milk and spit it out because the milk was left outside the fridge over night.,False
The milk was left outside the fridge over night because the man sipped the milk and spit it out. The man sipped the milk and spit it out because the milk was left outside the fridge over night.,The man sipped the milk and spit it out because the milk was left outside the fridge over night.,True
The man turned down the music volume because the man couldn't hear what the woman was saying. The man couldn't hear what the woman was saying because the man turned down the music volume.,The man turned down the music volume because the man couldn't hear what the woman was saying.,False
The man couldn't hear what the woman was saying because the man turned down the music volume. The man turned down the music volume because the man couldn't hear what the woman was saying.,The man turned down the music volume because the man couldn't hear what the woman was saying.,True
The meat spoiled because the power was out for days. The power was out for days because the meat spoiled.,The meat spoiled because the power was out for days.,False
The power was out for days because the meat spoiled. The meat spoiled because the power was out for days.,The meat spoiled because the power was out for days.,True
A flower grew because the gardener planted a seed. The gardener planted a seed because a flower grew.,A flower grew because the gardener planted a seed.,False
The gardener planted a seed because a flower grew. A flower grew because the gardener planted a seed.,A flower grew because the gardener planted a seed.,True
The team won the championship because the team won the game. The team won the game because the team won the championship.,The team won the championship because the team won the game.,False
The team won the game because the team won the championship. The team won the championship because the team won the game.,The team won the championship because the team won the game.,True
The man climbed in through the window because the door was locked. The door was locked because the man climbed in through the window.,The man climbed in through the window because the door was locked.,False
The door was locked because the man climbed in through the window. The man climbed in through the window because the door was locked.,The man climbed in through the window because the door was locked.,True
The ship capsized because the wind blew strong. The wind blew strong because the ship capsized.,The ship capsized because the wind blew strong.,False
The wind blew strong because the ship capsized. The ship capsized because the wind blew strong.,The ship capsized because the wind blew strong.,True
The man went to jail because the man robbed a gas station. The man robbed a gas station because the man went to jail.,The man went to jail because the man robbed a gas station.,False
The man robbed a gas station because the man went to jail. The man went to jail because the man robbed a gas station.,The man went to jail because the man robbed a gas station.,True
Acme paid Jill's legal fees because Jill won the lawsuit against Acme. Jill won the lawsuit against Acme because acme paid Jill's legal fees.,Acme paid Jill's legal fees because Jill won the lawsuit against Acme.,False
Jill won the lawsuit against Acme because acme paid Jill's legal fees. Acme paid Jill's legal fees because Jill won the lawsuit against Acme.,Acme paid Jill's legal fees because Jill won the lawsuit against Acme.,True
School was cancelled because there was a snowstorm. There was a snowstorm because school was cancelled.,School was cancelled because there was a snowstorm.,False
There was a snowstorm because school was cancelled. School was cancelled because there was a snowstorm.,School was cancelled because there was a snowstorm.,True
The tenants contacted their landlord because the tenants noticed mold on the bathroom ceiling. The tenants noticed mold on the bathroom ceiling because the tenants contacted their landlord.,The tenants contacted their landlord because the tenants noticed mold on the bathroom ceiling.,False
The tenants noticed mold on the bathroom ceiling because the tenants contacted their landlord. The tenants contacted their landlord because the tenants noticed mold on the bathroom ceiling.,The tenants contacted their landlord because the tenants noticed mold on the bathroom ceiling.,True
I got an A on the test because i studied hard. I studied hard because i got an A on the test.,I got an A on the test because i studied hard.,False
I studied hard because i got an A on the test. I got an A on the test because i studied hard.,I got an A on the test because i studied hard.,True
The window broke because the boy threw a rock. The boy threw a rock because the window broke.,The window broke because the boy threw a rock.,False
The boy threw a rock because the window broke. The window broke because the boy threw a rock.,The window broke because the boy threw a rock.,True
The driver was pulled over and was fined because the driver ran a red light. The driver ran a red light because the driver was pulled over and was fined.,The driver was pulled over and was fined because the driver ran a red light.,False
The driver ran a red light because the driver was pulled over and was fined. The driver was pulled over and was fined because the driver ran a red light.,The driver was pulled over and was fined because the driver ran a red light.,True
The girl got detention because the girl skipped school. The girl skipped school because the girl got detention.,The girl got detention because the girl skipped school.,False
The girl skipped school because the girl got detention. The girl got detention because the girl skipped school.,The girl got detention because the girl skipped school.,True
Light filled the room because i flipped the switch. I flipped the switch because light filled the room.,Light filled the room because i flipped the switch.,False
I flipped the switch because light filled the room. Light filled the room because i flipped the switch.,Light filled the room because i flipped the switch.,True
The dog bit me because i pulled the dog's tail. I pulled the dog's tail because the dog bit me.,The dog bit me because i pulled the dog's tail.,False
I pulled the dog's tail because the dog bit me. The dog bit me because i pulled the dog's tail.,The dog bit me because i pulled the dog's tail.,True
The family went on vacation because school was on break. School was on break because the family went on vacation.,The family went on vacation because school was on break.,False
School was on break because the family went on vacation. The family went on vacation because school was on break.,The family went on vacation because school was on break.,True
The family went to the beach because the air conditioner broke. The air conditioner broke because the family went to the beach.,The family went to the beach because the air conditioner broke.,False
The air conditioner broke because the family went to the beach. The family went to the beach because the air conditioner broke.,The family went to the beach because the air conditioner broke.,True
Mom gave the girl fever medicine because the girl had a fever. The girl had a fever because mom gave the girl fever medicine.,Mom gave the girl fever medicine because the girl had a fever.,False
The girl had a fever because mom gave the girl fever medicine. Mom gave the girl fever medicine because the girl had a fever.,Mom gave the girl fever medicine because the girl had a fever.,True
We made French toast because the bread was dry. The bread was dry because we made French toast.,We made French toast because the bread was dry.,False
The bread was dry because we made French toast. We made French toast because the bread was dry.,We made French toast because the bread was dry.,True
The company's stock went up because the company's posted strong earnings. The company's posted strong earnings because the company's stock went up.,The company's stock went up because the company's posted strong earnings.,False
The company's posted strong earnings because the company's stock went up. The company's stock went up because the company's posted strong earnings.,The company's stock went up because the company's posted strong earnings.,True
I put my clothes in the washing machine because my clothes got dirty. My clothes got dirty because i put my clothes in the washing machine.,I put my clothes in the washing machine because my clothes got dirty.,False
My clothes got dirty because i put my clothes in the washing machine. I put my clothes in the washing machine because my clothes got dirty.,I put my clothes in the washing machine because my clothes got dirty.,True
My friend celebrated with their family because my friend got a promotion. My friend got a promotion because my friend celebrated with their family.,My friend celebrated with their family because my friend got a promotion.,False
My friend got a promotion because my friend celebrated with their family. My friend celebrated with their family because my friend got a promotion.,My friend celebrated with their family because my friend got a promotion.,True
The basketball player took a free throw because the basketball player was shoved. The basketball player was shoved because the basketball player took a free throw.,The basketball player took a free throw because the basketball player was shoved.,False
The basketball player was shoved because the basketball player took a free throw. The basketball player took a free throw because the basketball player was shoved.,The basketball player took a free throw because the basketball player was shoved.,True
Alice missed her flight because Alice didn't wake up. Alice didn't wake up because Alice missed her flight.,Alice missed her flight because Alice didn't wake up.,False
Alice didn't wake up because Alice missed her flight. Alice missed her flight because Alice didn't wake up.,Alice missed her flight because Alice didn't wake up.,True
The man sued because the floor was wet. The floor was wet because the man sued.,The man sued because the floor was wet.,False
The floor was wet because the man sued. The man sued because the floor was wet.,The man sued because the floor was wet.,True
The picnic was cancelled because it rained. It rained because the picnic was cancelled.,The picnic was cancelled because it rained.,False
It rained because the picnic was cancelled. The picnic was cancelled because it rained.,The picnic was cancelled because it rained.,True
The girl caught a cold because the girl didn't wear her sweater. The girl didn't wear her sweater because the girl caught a cold.,The girl caught a cold because the girl didn't wear her sweater.,False
The girl didn't wear her sweater because the girl caught a cold. The girl caught a cold because the girl didn't wear her sweater.,The girl caught a cold because the girl didn't wear her sweater.,True
A search party was assembled because the man got lost in the woods. The man got lost in the woods because a search party was assembled.,A search party was assembled because the man got lost in the woods.,False
The man got lost in the woods because a search party was assembled. A search party was assembled because the man got lost in the woods.,A search party was assembled because the man got lost in the woods.,True
Ted had a hangover because Ted went out drinking. Ted went out drinking because Ted had a hangover.,Ted had a hangover because Ted went out drinking.,False
Ted went out drinking because Ted had a hangover. Ted had a hangover because Ted went out drinking.,Ted had a hangover because Ted went out drinking.,True
Bob opened the jar and was frustrated because Alice ate the last cookie. Alice ate the last cookie because Bob opened the jar and was frustrated.,Bob opened the jar and was frustrated because Alice ate the last cookie.,False
Alice ate the last cookie because Bob opened the jar and was frustrated. Bob opened the jar and was frustrated because Alice ate the last cookie.,Bob opened the jar and was frustrated because Alice ate the last cookie.,True
Mom rinsed the tray because Jimmy took the last piece of cake. Jimmy took the last piece of cake because mom rinsed the tray.,Mom rinsed the tray because Jimmy took the last piece of cake.,False
Jimmy took the last piece of cake because mom rinsed the tray. Mom rinsed the tray because Jimmy took the last piece of cake.,Mom rinsed the tray because Jimmy took the last piece of cake.,True
