prompts,correct_answers,answers
The child started crying because the child hurt their knee. The child hurt their knee because the child started crying.,The child started crying because the child hurt their knee.,"
The child started crying because the child hurt their knee."
The child hurt their knee because the child started crying. The child started crying because the child hurt their knee.,The child started crying because the child hurt their knee.,"
The child hurt their knee because the child started crying."
I washed the car because my car got dirty. My car got dirty because i washed the car.,I washed the car because my car got dirty.,"

I washed the car because my car got dirty. My car got dirty because I washed the"
My car got dirty because i washed the car. I washed the car because my car got dirty.,I washed the car because my car got dirty.,"

I washed the car because my car got dirty."
Someone called 911 because someone fainted. Someone fainted because someone called 911.,Someone called 911 because someone fainted., Someone called 911 because someone fainted.
Someone fainted because someone called 911. Someone called 911 because someone fainted.,Someone called 911 because someone fainted., Someone fainted because someone called 911.
The vase shattered on the floor because a man accidently pushed the vase off a counter. A man accidently pushed the vase off a counter because the vase shattered on the floor.,The vase shattered on the floor because a man accidently pushed the vase off a counter.,"
The vase shattered on the floor because a man accidently pushed the vase off a counter"
A man accidently pushed the vase off a counter because the vase shattered on the floor. The vase shattered on the floor because a man accidently pushed the vase off a counter.,The vase shattered on the floor because a man accidently pushed the vase off a counter., A man accidently pushed the vase off a counter because the vase shattered on the floor.
The woman who was walking on the street opened her umbrella because it started raining. It started raining because the woman who was walking on the street opened her umbrella.,The woman who was walking on the street opened her umbrella because it started raining.,"
The woman who was walking on the street opened her umbrella because it started raining."
It started raining because the woman who was walking on the street opened her umbrella. The woman who was walking on the street opened her umbrella because it started raining.,The woman who was walking on the street opened her umbrella because it started raining.,"
The woman who was walking on the street opened her umbrella because it started raining."
The boy lifted his eyes from the book because there was a loud noise. There was a loud noise because the boy lifted his eyes from the book.,The boy lifted his eyes from the book because there was a loud noise., The boy lifted his eyes from the book because there was a loud noise.
There was a loud noise because the boy lifted his eyes from the book. The boy lifted his eyes from the book because there was a loud noise.,The boy lifted his eyes from the book because there was a loud noise., The boy lifted his eyes from the book because he was curious about what was happening.
The girl woke up covered in cold sweat because the girl had a nightmare. The girl had a nightmare because the girl woke up covered in cold sweat.,The girl woke up covered in cold sweat because the girl had a nightmare.,"
The girl woke up covered in cold sweat because the girl had a nightmare."
The girl had a nightmare because the girl woke up covered in cold sweat. The girl woke up covered in cold sweat because the girl had a nightmare.,The girl woke up covered in cold sweat because the girl had a nightmare.,"
The girl had a nightmare because the girl woke up covered in cold sweat."
The driver turned the wipers on because it started raining. It started raining because the driver turned the wipers on.,The driver turned the wipers on because it started raining.,"
The driver turned the wipers on because it started raining."
It started raining because the driver turned the wipers on. The driver turned the wipers on because it started raining.,The driver turned the wipers on because it started raining.,"
The driver turned the wipers on because it started raining."
A man was covered in sticky red goo because a watermelon exploded. A watermelon exploded because a man was covered in sticky red goo.,A man was covered in sticky red goo because a watermelon exploded., A watermelon exploded because a man was covered in sticky red goo.
A watermelon exploded because a man was covered in sticky red goo. A man was covered in sticky red goo because a watermelon exploded.,A man was covered in sticky red goo because a watermelon exploded., A watermelon exploded because a man was covered in sticky red goo.
She went to the store and bought toilet paper because she noticed that she was out of toilet paper. She noticed that she was out of toilet paper because she went to the store and bought toilet paper.,She went to the store and bought toilet paper because she noticed that she was out of toilet paper.,"
She went to the store and bought toilet paper because she noticed that she was out of toilet paper"
She noticed that she was out of toilet paper because she went to the store and bought toilet paper. She went to the store and bought toilet paper because she noticed that she was out of toilet paper.,She went to the store and bought toilet paper because she noticed that she was out of toilet paper.,"
She noticed that she was out of toilet paper and went to the store to buy more."
The dinosaurs became extinct because a large object hit the Earth. A large object hit the Earth because the dinosaurs became extinct.,The dinosaurs became extinct because a large object hit the Earth.,"
The dinosaurs became extinct because a large object hit the Earth."
A large object hit the Earth because the dinosaurs became extinct. The dinosaurs became extinct because a large object hit the Earth.,The dinosaurs became extinct because a large object hit the Earth., A large object hit the Earth because the dinosaurs became extinct.
The soda went flat because the bottle was left open. The bottle was left open because the soda went flat.,The soda went flat because the bottle was left open.,"
The soda went flat because the bottle was left open."
The bottle was left open because the soda went flat. The soda went flat because the bottle was left open.,The soda went flat because the bottle was left open.,"
The bottle was left open because the soda went flat."
George plugged the laptop charger in because the laptop ran out of battery. The laptop ran out of battery because George plugged the laptop charger in.,George plugged the laptop charger in because the laptop ran out of battery.,"

George plugged the laptop charger in because the laptop ran out of battery."
The laptop ran out of battery because George plugged the laptop charger in. George plugged the laptop charger in because the laptop ran out of battery.,George plugged the laptop charger in because the laptop ran out of battery.,"
The laptop ran out of battery because George plugged the laptop charger in."
Sunlight filled the room because the curtains were opened. The curtains were opened because sunlight filled the room.,Sunlight filled the room because the curtains were opened., The curtains were opened because sunlight filled the room.
The curtains were opened because sunlight filled the room. Sunlight filled the room because the curtains were opened.,Sunlight filled the room because the curtains were opened.,"
The curtains were opened because sunlight filled the room."
Tomatoes grew on the vine because the insect pollinated the tomato flowers. The insect pollinated the tomato flowers because tomatoes grew on the vine.,Tomatoes grew on the vine because the insect pollinated the tomato flowers.,"
The insect pollinated the tomato flowers because tomatoes grew on the vine."
The insect pollinated the tomato flowers because tomatoes grew on the vine. Tomatoes grew on the vine because the insect pollinated the tomato flowers.,Tomatoes grew on the vine because the insect pollinated the tomato flowers.,"
The insect pollinated the tomato flowers because tomatoes grew on the vine."
The driver hit the brakes because the girl stepped onto the street. The girl stepped onto the street because the driver hit the brakes.,The driver hit the brakes because the girl stepped onto the street.,"
The driver hit the brakes because the girl stepped onto the street."
The girl stepped onto the street because the driver hit the brakes. The driver hit the brakes because the girl stepped onto the street.,The driver hit the brakes because the girl stepped onto the street.,"
The driver hit the brakes because the girl stepped onto the street."
The performer ran off the stage because there was a wardrobe malfunction. There was a wardrobe malfunction because the performer ran off the stage.,The performer ran off the stage because there was a wardrobe malfunction., The performer ran off the stage because there was a wardrobe malfunction.
There was a wardrobe malfunction because the performer ran off the stage. The performer ran off the stage because there was a wardrobe malfunction.,The performer ran off the stage because there was a wardrobe malfunction., There was a wardrobe malfunction because the performer ran off the stage.
"The pilot turned on the ""fasten seatbelts"" light because a bird hit the engine. A bird hit the engine because the pilot turned on the ""fasten seatbelts"" light.","The pilot turned on the ""fasten seatbelts"" light because a bird hit the engine."," The pilot turned on the ""fasten seatbelts"" light because a bird hit the engine."
"A bird hit the engine because the pilot turned on the ""fasten seatbelts"" light. The pilot turned on the ""fasten seatbelts"" light because a bird hit the engine.","The pilot turned on the ""fasten seatbelts"" light because a bird hit the engine."," The pilot turned on the ""fasten seatbelts"" light because a bird hit the engine."
The man sipped the milk and spit it out because the milk was left outside the fridge over night. The milk was left outside the fridge over night because the man sipped the milk and spit it out.,The man sipped the milk and spit it out because the milk was left outside the fridge over night.,"
The man sipped the milk and spit it out because the milk was left outside the fridge over"
The milk was left outside the fridge over night because the man sipped the milk and spit it out. The man sipped the milk and spit it out because the milk was left outside the fridge over night.,The man sipped the milk and spit it out because the milk was left outside the fridge over night.,"
The milk was left outside the fridge over night because the man sipped the milk and spit it"
The man turned down the music volume because the man couldn't hear what the woman was saying. The man couldn't hear what the woman was saying because the man turned down the music volume.,The man turned down the music volume because the man couldn't hear what the woman was saying.,"
The man turned down the music volume because the man couldn't hear what the woman was saying."
The man couldn't hear what the woman was saying because the man turned down the music volume. The man turned down the music volume because the man couldn't hear what the woman was saying.,The man turned down the music volume because the man couldn't hear what the woman was saying.,"
The man couldn't hear what the woman was saying because the man turned down the music volume."
The meat spoiled because the power was out for days. The power was out for days because the meat spoiled.,The meat spoiled because the power was out for days., The meat spoiled because the power was out for days.
The power was out for days because the meat spoiled. The meat spoiled because the power was out for days.,The meat spoiled because the power was out for days.,"
The power was out for days because the meat spoiled."
A flower grew because the gardener planted a seed. The gardener planted a seed because a flower grew.,A flower grew because the gardener planted a seed.,"
A flower grew because the gardener planted a seed."
The gardener planted a seed because a flower grew. A flower grew because the gardener planted a seed.,A flower grew because the gardener planted a seed.,"
The gardener planted a seed because a flower grew."
The team won the championship because the team won the game. The team won the game because the team won the championship.,The team won the championship because the team won the game.,"
The team won the championship because the team won the game."
The team won the game because the team won the championship. The team won the championship because the team won the game.,The team won the championship because the team won the game.,"
The team won the game because the team won the championship."
The man climbed in through the window because the door was locked. The door was locked because the man climbed in through the window.,The man climbed in through the window because the door was locked., The man climbed in through the window because the door was locked.
The door was locked because the man climbed in through the window. The man climbed in through the window because the door was locked.,The man climbed in through the window because the door was locked.,"
The man climbed in through the window because the door was locked."
The ship capsized because the wind blew strong. The wind blew strong because the ship capsized.,The ship capsized because the wind blew strong., The ship capsized because the wind blew strong.
The wind blew strong because the ship capsized. The ship capsized because the wind blew strong.,The ship capsized because the wind blew strong.,"
The ship capsized because the wind blew strong."
The man went to jail because the man robbed a gas station. The man robbed a gas station because the man went to jail.,The man went to jail because the man robbed a gas station.,"
The man went to jail because the man robbed a gas station."
The man robbed a gas station because the man went to jail. The man went to jail because the man robbed a gas station.,The man went to jail because the man robbed a gas station.,"
The man robbed a gas station because the man went to jail."
Acme paid Jill's legal fees because Jill won the lawsuit against Acme. Jill won the lawsuit against Acme because acme paid Jill's legal fees.,Acme paid Jill's legal fees because Jill won the lawsuit against Acme.,"
Acme paid Jill's legal fees because Jill won the lawsuit against Acme."
Jill won the lawsuit against Acme because acme paid Jill's legal fees. Acme paid Jill's legal fees because Jill won the lawsuit against Acme.,Acme paid Jill's legal fees because Jill won the lawsuit against Acme.,"
Jill won the lawsuit against Acme because acme paid Jill's legal fees."
School was cancelled because there was a snowstorm. There was a snowstorm because school was cancelled.,School was cancelled because there was a snowstorm.,"
School was cancelled because there was a snowstorm."
There was a snowstorm because school was cancelled. School was cancelled because there was a snowstorm.,School was cancelled because there was a snowstorm.,"
There was a snowstorm because school was cancelled."
The tenants contacted their landlord because the tenants noticed mold on the bathroom ceiling. The tenants noticed mold on the bathroom ceiling because the tenants contacted their landlord.,The tenants contacted their landlord because the tenants noticed mold on the bathroom ceiling.,"
The tenants contacted their landlord because the tenants noticed mold on the bathroom ceiling."
The tenants noticed mold on the bathroom ceiling because the tenants contacted their landlord. The tenants contacted their landlord because the tenants noticed mold on the bathroom ceiling.,The tenants contacted their landlord because the tenants noticed mold on the bathroom ceiling.,"
The tenants noticed mold on the bathroom ceiling because the tenants contacted their landlord."
I got an A on the test because i studied hard. I studied hard because i got an A on the test.,I got an A on the test because i studied hard.,"
I got an A on the test because i studied hard."
I studied hard because i got an A on the test. I got an A on the test because i studied hard.,I got an A on the test because i studied hard.,"
I studied hard because I got an A on the test."
The window broke because the boy threw a rock. The boy threw a rock because the window broke.,The window broke because the boy threw a rock.,"
The boy threw a rock because the window broke."
The boy threw a rock because the window broke. The window broke because the boy threw a rock.,The window broke because the boy threw a rock.,"
The boy threw a rock because the window broke."
The driver was pulled over and was fined because the driver ran a red light. The driver ran a red light because the driver was pulled over and was fined.,The driver was pulled over and was fined because the driver ran a red light.,"
The driver was pulled over and was fined because the driver ran a red light."
The driver ran a red light because the driver was pulled over and was fined. The driver was pulled over and was fined because the driver ran a red light.,The driver was pulled over and was fined because the driver ran a red light.,"
The driver ran a red light because the driver was pulled over and was fined."
The girl got detention because the girl skipped school. The girl skipped school because the girl got detention.,The girl got detention because the girl skipped school.,"
The girl got detention because the girl skipped school."
The girl skipped school because the girl got detention. The girl got detention because the girl skipped school.,The girl got detention because the girl skipped school.,"
The girl skipped school because the girl got detention."
Light filled the room because i flipped the switch. I flipped the switch because light filled the room.,Light filled the room because i flipped the switch.,"
I flipped the switch because light filled the room."
I flipped the switch because light filled the room. Light filled the room because i flipped the switch.,Light filled the room because i flipped the switch.,"
I flipped the switch because light filled the room."
The dog bit me because i pulled the dog's tail. I pulled the dog's tail because the dog bit me.,The dog bit me because i pulled the dog's tail.,"
I pulled the dog's tail because the dog bit me."
I pulled the dog's tail because the dog bit me. The dog bit me because i pulled the dog's tail.,The dog bit me because i pulled the dog's tail.,"
I pulled the dog's tail because the dog bit me."
The family went on vacation because school was on break. School was on break because the family went on vacation.,The family went on vacation because school was on break., The family went on vacation because school was on break.
School was on break because the family went on vacation. The family went on vacation because school was on break.,The family went on vacation because school was on break.,"
School was on break because the family went on vacation."
The family went to the beach because the air conditioner broke. The air conditioner broke because the family went to the beach.,The family went to the beach because the air conditioner broke.,"
The family went to the beach because the air conditioner broke."
The air conditioner broke because the family went to the beach. The family went to the beach because the air conditioner broke.,The family went to the beach because the air conditioner broke.,"
The air conditioner broke because the family went to the beach."
Mom gave the girl fever medicine because the girl had a fever. The girl had a fever because mom gave the girl fever medicine.,Mom gave the girl fever medicine because the girl had a fever.,"
The girl had a fever because mom gave the girl fever medicine."
The girl had a fever because mom gave the girl fever medicine. Mom gave the girl fever medicine because the girl had a fever.,Mom gave the girl fever medicine because the girl had a fever.,"
The girl had a fever because mom gave the girl fever medicine."
We made French toast because the bread was dry. The bread was dry because we made French toast.,We made French toast because the bread was dry.,"
We made French toast because the bread was dry."
The bread was dry because we made French toast. We made French toast because the bread was dry.,We made French toast because the bread was dry.,"
The bread was dry because we made French toast."
The company's stock went up because the company's posted strong earnings. The company's posted strong earnings because the company's stock went up.,The company's stock went up because the company's posted strong earnings.,"
The company's stock went up because the company's posted strong earnings."
The company's posted strong earnings because the company's stock went up. The company's stock went up because the company's posted strong earnings.,The company's stock went up because the company's posted strong earnings.,"
The company's posted strong earnings because the company's stock went up."
I put my clothes in the washing machine because my clothes got dirty. My clothes got dirty because i put my clothes in the washing machine.,I put my clothes in the washing machine because my clothes got dirty.,"
I put my clothes in the washing machine because my clothes got dirty."
My clothes got dirty because i put my clothes in the washing machine. I put my clothes in the washing machine because my clothes got dirty.,I put my clothes in the washing machine because my clothes got dirty.,"
My clothes got dirty because i put my clothes in the washing machine."
My friend celebrated with their family because my friend got a promotion. My friend got a promotion because my friend celebrated with their family.,My friend celebrated with their family because my friend got a promotion., My friend celebrated with their family because my friend got a promotion.
My friend got a promotion because my friend celebrated with their family. My friend celebrated with their family because my friend got a promotion.,My friend celebrated with their family because my friend got a promotion., My friend got a promotion because my friend celebrated with their family.
The basketball player took a free throw because the basketball player was shoved. The basketball player was shoved because the basketball player took a free throw.,The basketball player took a free throw because the basketball player was shoved.,"
The basketball player took a free throw because the basketball player was shoved."
The basketball player was shoved because the basketball player took a free throw. The basketball player took a free throw because the basketball player was shoved.,The basketball player took a free throw because the basketball player was shoved., The basketball player was shoved because the basketball player took a free throw.
Alice missed her flight because Alice didn't wake up. Alice didn't wake up because Alice missed her flight.,Alice missed her flight because Alice didn't wake up.,"
Alice missed her flight because Alice didn't wake up."
Alice didn't wake up because Alice missed her flight. Alice missed her flight because Alice didn't wake up.,Alice missed her flight because Alice didn't wake up.,"
Alice didn't wake up because Alice missed her flight."
The man sued because the floor was wet. The floor was wet because the man sued.,The man sued because the floor was wet.,"
The man sued because the floor was wet."
The floor was wet because the man sued. The man sued because the floor was wet.,The man sued because the floor was wet.,"
The man sued because the floor was wet."
The picnic was cancelled because it rained. It rained because the picnic was cancelled.,The picnic was cancelled because it rained., The picnic was cancelled because it rained.
It rained because the picnic was cancelled. The picnic was cancelled because it rained.,The picnic was cancelled because it rained., The picnic was cancelled because it rained.
The girl caught a cold because the girl didn't wear her sweater. The girl didn't wear her sweater because the girl caught a cold.,The girl caught a cold because the girl didn't wear her sweater.,"
The girl caught a cold because the girl didn't wear her sweater."
The girl didn't wear her sweater because the girl caught a cold. The girl caught a cold because the girl didn't wear her sweater.,The girl caught a cold because the girl didn't wear her sweater.,"
The girl didn't wear her sweater because the girl caught a cold."
A search party was assembled because the man got lost in the woods. The man got lost in the woods because a search party was assembled.,A search party was assembled because the man got lost in the woods., The man got lost in the woods because a search party was assembled.
The man got lost in the woods because a search party was assembled. A search party was assembled because the man got lost in the woods.,A search party was assembled because the man got lost in the woods., The man got lost in the woods because a search party was assembled.
Ted had a hangover because Ted went out drinking. Ted went out drinking because Ted had a hangover.,Ted had a hangover because Ted went out drinking.,"

Ted had a hangover because Ted went out drinking."
Ted went out drinking because Ted had a hangover. Ted had a hangover because Ted went out drinking.,Ted had a hangover because Ted went out drinking.,"

Ted went out drinking because Ted had a hangover."
Bob opened the jar and was frustrated because Alice ate the last cookie. Alice ate the last cookie because Bob opened the jar and was frustrated.,Bob opened the jar and was frustrated because Alice ate the last cookie.,"
Bob opened the jar and was frustrated because Alice ate the last cookie."
Alice ate the last cookie because Bob opened the jar and was frustrated. Bob opened the jar and was frustrated because Alice ate the last cookie.,Bob opened the jar and was frustrated because Alice ate the last cookie.,"
Alice ate the last cookie because Bob opened the jar and was frustrated."
Mom rinsed the tray because Jimmy took the last piece of cake. Jimmy took the last piece of cake because mom rinsed the tray.,Mom rinsed the tray because Jimmy took the last piece of cake.,"
Mom rinsed the tray because Jimmy took the last piece of cake."
Jimmy took the last piece of cake because mom rinsed the tray. Mom rinsed the tray because Jimmy took the last piece of cake.,Mom rinsed the tray because Jimmy took the last piece of cake.,"
Jimmy took the last piece of cake because mom rinsed the tray."
